{
    "Host": "hqfw.sdut.edu.cn",
    "Connection": "keep-alive",
    "Cache-Control": "max-age=0",
    "sec-ch-ua": "\"Chromium\";v=\"118\", \"Microsoft Edge\";v=\"118\", \"Not=A?Brand\";v=\"99\"",
    "sec-ch-ua-mobile": "?0",
    "sec-ch-ua-platform": "Windows",
    "Upgrade-Insecure-Requests": "1",
    "Origin": "https://hqfw.sdut.edu.cn",
    "Content-Type": "application/x-www-form-urlencoded",
    "User-Agent": "Mozilla/5.0 (Windows NT 10.0; Win64; x64) AppleWebKit/537.36 (KHTML, like Gecko) Chrome/118.0.0.0 Safari/537.36 Edg/118.0.2088.27",
    "Accept": "text/html,application/xhtml+xml,application/xml;q=0.9,image/webp,image/apng,*/*;q=0.8,application/signed-exchange;v=b3;q=0.7",
    "Sec-Fetch-Site": "same-origin",
    "Sec-Fetch-Mode": "navigate",
    "Sec-Fetch-User": "?1",
    "Sec-Fetch-Dest": "document",
    "Referer": "https://hqfw.sdut.edu.cn/stu_elc.aspx",
    "Accept-Language": "zh-CN,zh;q=0.9",
    "Cookie": "ASP.NET_SessionId=; gonghao=; name=; bianzhi="
}